-- VGA STORE SEED - 79 SẢN PHẨM - MỖI SẢN PHẨM CÓ ẢNH RIÊNG TỪ GEARVN
TRUNCATE TABLE order_items, orders, cart_items, carts, products, categories, brands RESTART IDENTITY CASCADE;

INSERT INTO brands (id, name, slug, status, deleted, created_at) VALUES
(1,'ASUS','asus',true,false,NOW()),
(2,'MSI','msi',true,false,NOW()),
(3,'GIGABYTE','gigabyte',true,false,NOW()),
(4,'ZOTAC','zotac',true,false,NOW()),
(5,'SPARKLE','sparkle',true,false,NOW());

INSERT INTO categories (id, name, active, deleted, created_at) VALUES
(1,'Card Đồ Họa NVIDIA',true,false,NOW()),(2,'Card Đồ Họa AMD',true,false,NOW()),(3,'Card Đồ Họa Intel Arc',true,false,NOW());

INSERT INTO products (brand_id, category_id, name, sku, price, stock, description, img_url, images_json, gpu_model, vram, memory_type, cooling_type, power_connectors, recommended_psu, dimension, deleted, created_at) VALUES
(1,1,'Card màn hình ASUS Dual GeForce GTX 1650 OC Edition 4GB GDDR6 EVO','ASU-GTX1650-001',3500000,2,'<p>Card màn hình ASUS Dual GeForce GTX 1650 OC Edition 4GB GDDR6 EVO.</p><p>GPU: <b>GTX 1650</b> | VRAM: <b>4GB GDDR6</b> | PSU: <b>450W</b> | Tản nhiệt: Axial-tech Fan.</p>','/images/products/asus/asus_dual_geforce_gtx_1650_oc_edition_4gb_gddr6_evo_023.jpg','/images/products/asus/asus_dual_geforce_gtx_1650_oc_edition_4gb_gddr6_evo_023.jpg','GTX 1650','4GB','GDDR6','Axial-tech Fan','1x 8-pin','450W','280x120x45mm',false,NOW()),
(1,1,'Card màn hình ASUS Dual GeForce RTX 3050 6GB GDDR6','ASU-RTX3050-002',5500000,3,'<p>Card màn hình ASUS Dual GeForce RTX 3050 6GB GDDR6.</p><p>GPU: <b>RTX 3050</b> | VRAM: <b>6GB GDDR6</b> | PSU: <b>450W</b> | Tản nhiệt: Axial-tech Fan.</p>','/images/products/asus/asus_dual_geforce_rtx_3050_6gb_gddr6_020.jpg','/images/products/asus/asus_dual_geforce_rtx_3050_6gb_gddr6_020.jpg','RTX 3050','6GB','GDDR6','Axial-tech Fan','1x 8-pin','450W','280x120x45mm',false,NOW()),
(1,1,'Card màn hình ASUS Dual GeForce RTX 3050 OC Edition 6GB','ASU-RTX3050-003',5500000,4,'<p>Card màn hình ASUS Dual GeForce RTX 3050 OC Edition 6GB.</p><p>GPU: <b>RTX 3050</b> | VRAM: <b>6GB GDDR6</b> | PSU: <b>450W</b> | Tản nhiệt: Axial-tech Fan.</p>','/images/products/asus/asus_dual_geforce_rtx_3050_oc_edition_6gb_021.jpg','/images/products/asus/asus_dual_geforce_rtx_3050_oc_edition_6gb_021.jpg','RTX 3050','6GB','GDDR6','Axial-tech Fan','1x 8-pin','450W','280x120x45mm',false,NOW()),
(1,1,'Card màn hình ASUS Dual GeForce RTX 3060 OC Edition 12GB V2','ASU-RTX3060-004',7500000,5,'<p>Card màn hình ASUS Dual GeForce RTX 3060 OC Edition 12GB V2.</p><p>GPU: <b>RTX 3060</b> | VRAM: <b>12GB GDDR6</b> | PSU: <b>550W</b> | Tản nhiệt: Axial-tech Fan.</p>','/images/products/asus/asus_dual_geforce_rtx_3060_oc_edition_12gb_v2_003.jpg','/images/products/asus/asus_dual_geforce_rtx_3060_oc_edition_12gb_v2_003.jpg','RTX 3060','12GB','GDDR6','Axial-tech Fan','1x 8-pin','550W','280x120x45mm',false,NOW()),
(1,1,'Card màn hình ASUS Dual GeForce RTX 4060 V2 OC Edition 8GB GDDR6','ASU-RTX4060-005',9000000,6,'<p>Card màn hình ASUS Dual GeForce RTX 4060 V2 OC Edition 8GB GDDR6.</p><p>GPU: <b>RTX 4060</b> | VRAM: <b>8GB GDDR6</b> | PSU: <b>550W</b> | Tản nhiệt: Axial-tech Fan.</p>','/images/products/asus/asus_dual_geforce_rtx_4060_v2_oc_edition_8gb_gddr6_016.jpg','/images/products/asus/asus_dual_geforce_rtx_4060_v2_oc_edition_8gb_gddr6_016.jpg','RTX 4060','8GB','GDDR6','Axial-tech Fan','1x 8-pin','550W','280x120x45mm',false,NOW()),
(1,1,'Card màn hình ASUS Dual GeForce RTX 5070 12GB GDDR7 OC Edition','ASU-RTX5070-006',28000000,7,'<p>Card màn hình ASUS Dual GeForce RTX 5070 12GB GDDR7 OC Edition.</p><p>GPU: <b>RTX 5070</b> | VRAM: <b>12GB GDDR7</b> | PSU: <b>750W</b> | Tản nhiệt: Axial-tech Fan.</p>','/images/products/asus/asus_dual_geforce_rtx_5070_12gb_gddr7_oc_edition_036.jpg','/images/products/asus/asus_dual_geforce_rtx_5070_12gb_gddr7_oc_edition_036.jpg','RTX 5070','12GB','GDDR7','Axial-tech Fan','1x 8-pin','750W','280x120x45mm',false,NOW()),
(1,1,'asus dual gtx1650 evo','ASU-GTX1650-007',8000000,8,'<p>asus dual gtx1650 evo.</p><p>GPU: <b>GTX1650</b> | VRAM: <b>8GB GDDR6</b> | PSU: <b>450W</b> | Tản nhiệt: Axial-tech Fan.</p>','/images/products/asus/asus_dual_gtx1650_evo.jpg','/images/products/asus/asus_dual_gtx1650_evo.jpg','GTX1650','8GB','GDDR6','Axial-tech Fan','1x 8-pin','450W','280x120x45mm',false,NOW()),
(1,2,'Card màn hình ASUS Dual Radeon RX 6500 XT V2 OC Edition 4GB GDDR6','ASU-RX6500XT-008',3200000,9,'<p>Card màn hình ASUS Dual Radeon RX 6500 XT V2 OC Edition 4GB GDDR6.</p><p>GPU: <b>RX 6500 XT</b> | VRAM: <b>4GB GDDR6</b> | PSU: <b>450W</b> | Tản nhiệt: Axial-tech Fan.</p>','/images/products/asus/asus_dual_radeon_rx_6500_xt_v2_oc_edition_4gb_gddr6_015.jpg','/images/products/asus/asus_dual_radeon_rx_6500_xt_v2_oc_edition_4gb_gddr6_015.jpg','RX 6500 XT','4GB','GDDR6','Axial-tech Fan','1x 8-pin','450W','280x120x45mm',false,NOW()),
(1,2,'Card màn hình ASUS Dual Radeon RX 7600 V2 OC Edition 8GB GDDR6','ASU-RX7600-009',7500000,10,'<p>Card màn hình ASUS Dual Radeon RX 7600 V2 OC Edition 8GB GDDR6.</p><p>GPU: <b>RX 7600</b> | VRAM: <b>8GB GDDR6</b> | PSU: <b>550W</b> | Tản nhiệt: Axial-tech Fan.</p>','/images/products/asus/asus_dual_radeon_rx_7600_v2_oc_edition_8gb_gddr6_017.jpg','/images/products/asus/asus_dual_radeon_rx_7600_v2_oc_edition_8gb_gddr6_017.jpg','RX 7600','8GB','GDDR6','Axial-tech Fan','1x 8-pin','550W','280x120x45mm',false,NOW()),
(1,1,'asus dual rtx3050 6g','ASU-RTX3050-010',8000000,11,'<p>asus dual rtx3050 6g.</p><p>GPU: <b>RTX3050</b> | VRAM: <b>6GB GDDR6</b> | PSU: <b>450W</b> | Tản nhiệt: Axial-tech Fan.</p>','/images/products/asus/asus_dual_rtx3050_6g.png','/images/products/asus/asus_dual_rtx3050_6g.png','RTX3050','6GB','GDDR6','Axial-tech Fan','1x 8-pin','450W','280x120x45mm',false,NOW()),
(1,1,'asus dual rtx3050 oc','ASU-RTX3050-011',8000000,12,'<p>asus dual rtx3050 oc.</p><p>GPU: <b>RTX3050</b> | VRAM: <b>8GB GDDR6</b> | PSU: <b>450W</b> | Tản nhiệt: Axial-tech Fan.</p>','/images/products/asus/asus_dual_rtx3050_oc.png','/images/products/asus/asus_dual_rtx3050_oc.png','RTX3050','8GB','GDDR6','Axial-tech Fan','1x 8-pin','450W','280x120x45mm',false,NOW()),
(1,1,'asus dual rtx3060 v2','ASU-RTX3060-012',8000000,13,'<p>asus dual rtx3060 v2.</p><p>GPU: <b>RTX3060</b> | VRAM: <b>8GB GDDR6</b> | PSU: <b>550W</b> | Tản nhiệt: Axial-tech Fan.</p>','/images/products/asus/asus_dual_rtx3060_v2.jpg','/images/products/asus/asus_dual_rtx3060_v2.jpg','RTX3060','8GB','GDDR6','Axial-tech Fan','1x 8-pin','550W','280x120x45mm',false,NOW()),
(1,1,'asus dual rtx4060 v2','ASU-RTX4060-013',8000000,14,'<p>asus dual rtx4060 v2.</p><p>GPU: <b>RTX4060</b> | VRAM: <b>8GB GDDR6</b> | PSU: <b>550W</b> | Tản nhiệt: Axial-tech Fan.</p>','/images/products/asus/asus_dual_rtx4060_v2.png','/images/products/asus/asus_dual_rtx4060_v2.png','RTX4060','8GB','GDDR6','Axial-tech Fan','1x 8-pin','550W','280x120x45mm',false,NOW()),
(1,1,'asus dual rtx5070','ASU-RTX5070-014',28000000,15,'<p>asus dual rtx5070.</p><p>GPU: <b>RTX5070</b> | VRAM: <b>8GB GDDR6</b> | PSU: <b>750W</b> | Tản nhiệt: Axial-tech Fan.</p>','/images/products/asus/asus_dual_rtx5070.png','/images/products/asus/asus_dual_rtx5070.png','RTX5070','8GB','GDDR6','Axial-tech Fan','1x 8-pin','750W','280x120x45mm',false,NOW()),
(1,2,'asus dual rx6500xt','ASU-RX6500XT-015',3200000,16,'<p>asus dual rx6500xt.</p><p>GPU: <b>RX6500XT</b> | VRAM: <b>8GB GDDR6</b> | PSU: <b>450W</b> | Tản nhiệt: Axial-tech Fan.</p>','/images/products/asus/asus_dual_rx6500xt.png','/images/products/asus/asus_dual_rx6500xt.png','RX6500XT','8GB','GDDR6','Axial-tech Fan','1x 8-pin','450W','280x120x45mm',false,NOW()),
(1,2,'asus dual rx7600','ASU-RX7600-016',8000000,17,'<p>asus dual rx7600.</p><p>GPU: <b>RX7600</b> | VRAM: <b>8GB GDDR6</b> | PSU: <b>550W</b> | Tản nhiệt: Axial-tech Fan.</p>','/images/products/asus/asus_dual_rx7600.png','/images/products/asus/asus_dual_rx7600.png','RX7600','8GB','GDDR6','Axial-tech Fan','1x 8-pin','550W','280x120x45mm',false,NOW()),
(1,1,'Card màn hình ASUS GeForce RTX 5050 Dual 8GB','ASU-RTX5050-017',10500000,18,'<p>Card màn hình ASUS GeForce RTX 5050 Dual 8GB.</p><p>GPU: <b>RTX 5050</b> | VRAM: <b>8GB GDDR6</b> | PSU: <b>450W</b> | Tản nhiệt: Axial-tech Fan.</p>','/images/products/asus/asus_geforce_rtx_5050_dual_8gb_042.jpg','/images/products/asus/asus_geforce_rtx_5050_dual_8gb_042.jpg','RTX 5050','8GB','GDDR6','Axial-tech Fan','1x 8-pin','450W','280x120x45mm',false,NOW()),
(1,1,'Card màn hình ASUS GeForce RTX 5050 Prime OC 8GB','ASU-RTX5050-018',10500000,19,'<p>Card màn hình ASUS GeForce RTX 5050 Prime OC 8GB.</p><p>GPU: <b>RTX 5050</b> | VRAM: <b>8GB GDDR6</b> | PSU: <b>450W</b> | Tản nhiệt: Axial-tech Fan.</p>','/images/products/asus/asus_geforce_rtx_5050_prime_8gb_045.jpg','/images/products/asus/asus_geforce_rtx_5050_prime_8gb_045.jpg','RTX 5050','8GB','GDDR6','Axial-tech Fan','1x 8-pin','450W','280x120x45mm',false,NOW()),
(1,1,'Card màn hình ASUS ProArt GeForce RTX 4070 Ti SUPER 16GB GDDR6X OC Edition','ASU-RTX4070T-019',24000000,2,'<p>Card màn hình ASUS ProArt GeForce RTX 4070 Ti SUPER 16GB GDDR6X OC Edition.</p><p>GPU: <b>RTX 4070 TI SUPER</b> | VRAM: <b>16GB GDDR6X</b> | PSU: <b>750W</b> | Tản nhiệt: Axial-tech Fan.</p>','/images/products/asus/asus_proart_geforce_rtx_4070_ti_super_16gb_gddr6x_oc_052.jpg','/images/products/asus/asus_proart_geforce_rtx_4070_ti_super_16gb_gddr6x_oc_052.jpg','RTX 4070 TI SUPER','16GB','GDDR6X','Axial-tech Fan','1x 8-pin','750W','280x120x45mm',false,NOW()),
(1,1,'Card màn hình ASUS ROG Astral GeForce RTX 5080 16GB GDDR7 Hatsune Miku Edition','ASU-RTX5080-020',55000000,3,'<p>Card màn hình ASUS ROG Astral GeForce RTX 5080 16GB GDDR7 Hatsune Miku Edition.</p><p>GPU: <b>RTX 5080</b> | VRAM: <b>16GB GDDR7</b> | PSU: <b>850W</b> | Tản nhiệt: Axial-tech Fan.</p>','/images/products/asus/asus_rog_astral_geforce_rtx_5080_16gb_gddr7_hatsune__011.jpg','/images/products/asus/asus_rog_astral_geforce_rtx_5080_16gb_gddr7_hatsune__011.jpg','RTX 5080','16GB','GDDR7','Axial-tech Fan','2x 8-pin','850W','280x120x45mm',false,NOW()),
(1,1,'Card màn hình ASUS ROG Astral GeForce RTX 5080 16GB GDDR7 OC Edition White','ASU-RTX5080-021',55000000,4,'<p>Card màn hình ASUS ROG Astral GeForce RTX 5080 16GB GDDR7 OC Edition White.</p><p>GPU: <b>RTX 5080</b> | VRAM: <b>16GB GDDR7</b> | PSU: <b>850W</b> | Tản nhiệt: Axial-tech Fan.</p>','/images/products/asus/asus_rog_astral_geforce_rtx_5080_16gb_gddr7_oc_editi_035.jpg','/images/products/asus/asus_rog_astral_geforce_rtx_5080_16gb_gddr7_oc_editi_035.jpg','RTX 5080','16GB','GDDR7','Axial-tech Fan','2x 8-pin','850W','280x120x45mm',false,NOW()),
(1,1,'Card màn hình ASUS ROG Astral GeForce RTX 5090 32GB GDDR7 OC White Edition','ASU-RTX5090-022',85000000,5,'<p>Card màn hình ASUS ROG Astral GeForce RTX 5090 32GB GDDR7 OC White Edition.</p><p>GPU: <b>RTX 5090</b> | VRAM: <b>32GB GDDR7</b> | PSU: <b>1000W</b> | Tản nhiệt: Axial-tech Fan.</p>','/images/products/asus/asus_rog_astral_geforce_rtx_5090_32gb_gddr7_oc_white_046.jpg','/images/products/asus/asus_rog_astral_geforce_rtx_5090_32gb_gddr7_oc_white_046.jpg','RTX 5090','32GB','GDDR7','Axial-tech Fan','1x 16-pin (12VHPWR)','1000W','280x120x45mm',false,NOW()),
(1,1,'Card màn hình ASUS ROG Matrix GeForce RTX 4090 Platinum 24GB GDDR6X','ASU-RTX4090-023',55000000,6,'<p>Card màn hình ASUS ROG Matrix GeForce RTX 4090 Platinum 24GB GDDR6X.</p><p>GPU: <b>RTX 4090</b> | VRAM: <b>24GB GDDR6X</b> | PSU: <b>1000W</b> | Tản nhiệt: Axial-tech Fan.</p>','/images/products/asus/asus_rog_matrix_geforce_rtx_4090_platinum_24gb_gddr6_054.jpg','/images/products/asus/asus_rog_matrix_geforce_rtx_4090_platinum_24gb_gddr6_054.jpg','RTX 4090','24GB','GDDR6X','Axial-tech Fan','1x 16-pin (12VHPWR)','1000W','280x120x45mm',false,NOW()),
(1,1,'asus rog rtx5080 miku','ASU-RTX5080-024',55000000,7,'<p>asus rog rtx5080 miku.</p><p>GPU: <b>RTX5080</b> | VRAM: <b>8GB GDDR6</b> | PSU: <b>850W</b> | Tản nhiệt: Axial-tech Fan.</p>','/images/products/asus/asus_rog_rtx5080_miku.png','/images/products/asus/asus_rog_rtx5080_miku.png','RTX5080','8GB','GDDR6','Axial-tech Fan','2x 8-pin','850W','280x120x45mm',false,NOW()),
(1,1,'asus rog rtx5080 white','ASU-RTX5080-025',55000000,8,'<p>asus rog rtx5080 white.</p><p>GPU: <b>RTX5080</b> | VRAM: <b>8GB GDDR6</b> | PSU: <b>850W</b> | Tản nhiệt: Axial-tech Fan.</p>','/images/products/asus/asus_rog_rtx5080_white.png','/images/products/asus/asus_rog_rtx5080_white.png','RTX5080','8GB','GDDR6','Axial-tech Fan','2x 8-pin','850W','280x120x45mm',false,NOW()),
(1,1,'Card màn hình ASUS TUF Gaming GeForce RTX 4090 24GB GDDR6X OC Edition','ASU-RTX4090-026',55000000,9,'<p>Card màn hình ASUS TUF Gaming GeForce RTX 4090 24GB GDDR6X OC Edition.</p><p>GPU: <b>RTX 4090</b> | VRAM: <b>24GB GDDR6X</b> | PSU: <b>1000W</b> | Tản nhiệt: Axial-tech Fan.</p>','/images/products/asus/asus_tuf_gaming_geforce_rtx_4090_24gb_gddr6x_oc_edit_051.jpg','/images/products/asus/asus_tuf_gaming_geforce_rtx_4090_24gb_gddr6x_oc_edit_051.jpg','RTX 4090','24GB','GDDR6X','Axial-tech Fan','1x 16-pin (12VHPWR)','1000W','280x120x45mm',false,NOW()),
(2,1,'MSI GeForce GTX 1650 SUPER GAMING X 4GB','MSI-GTX1650S-027',3800000,10,'<p>MSI GeForce GTX 1650 SUPER GAMING X 4GB.</p><p>GPU: <b>GTX 1650 SUPER</b> | VRAM: <b>4GB GDDR6</b> | PSU: <b>450W</b> | Tản nhiệt: TORX FAN 5.0.</p>','/images/products/msi/msi_geforce_gtx_1650_super_gaming_x_4gb_028.jpg','/images/products/msi/msi_geforce_gtx_1650_super_gaming_x_4gb_028.jpg','GTX 1650 SUPER','4GB','GDDR6','TORX FAN 5.0','1x 8-pin','450W','280x120x45mm',false,NOW()),
(2,1,'Card màn hình MSI GeForce RTX 3050 VENTUS 2X 6G OC','MSI-RTX3050-028',5500000,11,'<p>Card màn hình MSI GeForce RTX 3050 VENTUS 2X 6G OC.</p><p>GPU: <b>RTX 3050</b> | VRAM: <b>6GB GDDR6</b> | PSU: <b>450W</b> | Tản nhiệt: TORX FAN 5.0.</p>','/images/products/msi/msi_geforce_rtx_3050_ventus_2x_6g_oc_022.jpg','/images/products/msi/msi_geforce_rtx_3050_ventus_2x_6g_oc_022.jpg','RTX 3050','6GB','GDDR6','TORX FAN 5.0','1x 8-pin','450W','280x120x45mm',false,NOW()),
(2,1,'Card màn hình MSI GeForce RTX 3060 Gaming X Trio 12G','MSI-RTX3060-029',7500000,12,'<p>Card màn hình MSI GeForce RTX 3060 Gaming X Trio 12G.</p><p>GPU: <b>RTX 3060</b> | VRAM: <b>12GB GDDR6</b> | PSU: <b>550W</b> | Tản nhiệt: TORX FAN 5.0.</p>','/images/products/msi/msi_geforce_rtx_3060_gaming_x_trio_12g_053.jpg','/images/products/msi/msi_geforce_rtx_3060_gaming_x_trio_12g_053.jpg','RTX 3060','12GB','GDDR6','TORX FAN 5.0','1x 8-pin','550W','280x120x45mm',false,NOW()),
(2,1,'Card màn hình MSI GeForce RTX 3060 Ventus 2X OC 12G','MSI-RTX3060-030',7500000,13,'<p>Card màn hình MSI GeForce RTX 3060 Ventus 2X OC 12G.</p><p>GPU: <b>RTX 3060</b> | VRAM: <b>12GB GDDR6</b> | PSU: <b>550W</b> | Tản nhiệt: TORX FAN 5.0.</p>','/images/products/msi/msi_geforce_rtx_3060_ventus_2x_oc_12g_027.jpg','/images/products/msi/msi_geforce_rtx_3060_ventus_2x_oc_12g_027.jpg','RTX 3060','12GB','GDDR6','TORX FAN 5.0','1x 8-pin','550W','280x120x45mm',false,NOW()),
(2,1,'Card màn hình MSI GeForce RTX 4060 VENTUS 2X BLACK 8G OC','MSI-RTX4060-031',9000000,14,'<p>Card màn hình MSI GeForce RTX 4060 VENTUS 2X BLACK 8G OC.</p><p>GPU: <b>RTX 4060</b> | VRAM: <b>8GB GDDR6</b> | PSU: <b>550W</b> | Tản nhiệt: TORX FAN 5.0.</p>','/images/products/msi/msi_geforce_rtx_4060_ventus_2x_black_8g_oc_026.jpg','/images/products/msi/msi_geforce_rtx_4060_ventus_2x_black_8g_oc_026.jpg','RTX 4060','8GB','GDDR6','TORX FAN 5.0','1x 8-pin','550W','280x120x45mm',false,NOW()),
(2,1,'Card màn hình MSI GeForce RTX 4060 VENTUS 2X WHITE 8G OC','MSI-RTX4060-032',9000000,15,'<p>Card màn hình MSI GeForce RTX 4060 VENTUS 2X WHITE 8G OC.</p><p>GPU: <b>RTX 4060</b> | VRAM: <b>8GB GDDR6</b> | PSU: <b>550W</b> | Tản nhiệt: TORX FAN 5.0.</p>','/images/products/msi/msi_geforce_rtx_4060_ventus_2x_white_8g_oc_024.jpg','/images/products/msi/msi_geforce_rtx_4060_ventus_2x_white_8g_oc_024.jpg','RTX 4060','8GB','GDDR6','TORX FAN 5.0','1x 8-pin','550W','280x120x45mm',false,NOW()),
(2,1,'Card màn hình MSI GeForce RTX 5050 Gaming OC 8GB','MSI-RTX5050-033',10500000,16,'<p>Card màn hình MSI GeForce RTX 5050 Gaming OC 8GB.</p><p>GPU: <b>RTX 5050</b> | VRAM: <b>8GB GDDR6</b> | PSU: <b>450W</b> | Tản nhiệt: TORX FAN 5.0.</p>','/images/products/msi/msi_geforce_rtx_5050_gaming_oc_8gb_039.jpg','/images/products/msi/msi_geforce_rtx_5050_gaming_oc_8gb_039.jpg','RTX 5050','8GB','GDDR6','TORX FAN 5.0','1x 8-pin','450W','280x120x45mm',false,NOW()),
(2,1,'Card màn hình MSI GeForce RTX 5050 Shadow 2X OC 8GB','MSI-RTX5050-034',10500000,17,'<p>Card màn hình MSI GeForce RTX 5050 Shadow 2X OC 8GB.</p><p>GPU: <b>RTX 5050</b> | VRAM: <b>8GB GDDR6</b> | PSU: <b>450W</b> | Tản nhiệt: TORX FAN 5.0.</p>','/images/products/msi/msi_geforce_rtx_5050_shadow_2x_oc_8gb_041.jpg','/images/products/msi/msi_geforce_rtx_5050_shadow_2x_oc_8gb_041.jpg','RTX 5050','8GB','GDDR6','TORX FAN 5.0','1x 8-pin','450W','280x120x45mm',false,NOW()),
(2,1,'Card màn hình MSI GeForce RTX 5050 Ventus 2X OC 8GB','MSI-RTX5050-035',10500000,18,'<p>Card màn hình MSI GeForce RTX 5050 Ventus 2X OC 8GB.</p><p>GPU: <b>RTX 5050</b> | VRAM: <b>8GB GDDR6</b> | PSU: <b>450W</b> | Tản nhiệt: TORX FAN 5.0.</p>','/images/products/msi/msi_geforce_rtx_5050_ventus_2x_oc_8gb_040.jpg','/images/products/msi/msi_geforce_rtx_5050_ventus_2x_oc_8gb_040.jpg','RTX 5050','8GB','GDDR6','TORX FAN 5.0','1x 8-pin','450W','280x120x45mm',false,NOW()),
(2,1,'Card màn hình MSI GeForce RTX 5060 Gaming Trio OC 8GB','MSI-RTX5060-036',14000000,19,'<p>Card màn hình MSI GeForce RTX 5060 Gaming Trio OC 8GB.</p><p>GPU: <b>RTX 5060</b> | VRAM: <b>8GB GDDR6</b> | PSU: <b>550W</b> | Tản nhiệt: TORX FAN 5.0.</p>','/images/products/msi/msi_geforce_rtx_5060_gaming_trio_oc_8gb_034.jpg','/images/products/msi/msi_geforce_rtx_5060_gaming_trio_oc_8gb_034.jpg','RTX 5060','8GB','GDDR6','TORX FAN 5.0','1x 8-pin','550W','280x120x45mm',false,NOW()),
(2,1,'Card màn hình MSI GeForce RTX 5060 Gaming Trio OC White 8GB','MSI-RTX5060-037',14000000,2,'<p>Card màn hình MSI GeForce RTX 5060 Gaming Trio OC White 8GB.</p><p>GPU: <b>RTX 5060</b> | VRAM: <b>8GB GDDR6</b> | PSU: <b>550W</b> | Tản nhiệt: TORX FAN 5.0.</p>','/images/products/msi/msi_geforce_rtx_5060_gaming_trio_oc_white_8gb_033.jpg','/images/products/msi/msi_geforce_rtx_5060_gaming_trio_oc_white_8gb_033.jpg','RTX 5060','8GB','GDDR6','TORX FAN 5.0','1x 8-pin','550W','280x120x45mm',false,NOW()),
(2,1,'Card màn hình MSI GeForce RTX 5060 Shadow 2X OC 8GB','MSI-RTX5060-038',14000000,3,'<p>Card màn hình MSI GeForce RTX 5060 Shadow 2X OC 8GB.</p><p>GPU: <b>RTX 5060</b> | VRAM: <b>8GB GDDR6</b> | PSU: <b>550W</b> | Tản nhiệt: TORX FAN 5.0.</p>','/images/products/msi/msi_geforce_rtx_5060_shadow_2x_oc_8gb_038.jpg','/images/products/msi/msi_geforce_rtx_5060_shadow_2x_oc_8gb_038.jpg','RTX 5060','8GB','GDDR6','TORX FAN 5.0','1x 8-pin','550W','280x120x45mm',false,NOW()),
(2,1,'Card màn hình MSI GeForce RTX 5060 Ti Ventus 2X Plus 8GB','MSI-RTX5060T-039',19000000,4,'<p>Card màn hình MSI GeForce RTX 5060 Ti Ventus 2X Plus 8GB.</p><p>GPU: <b>RTX 5060 TI</b> | VRAM: <b>8GB GDDR6</b> | PSU: <b>650W</b> | Tản nhiệt: TORX FAN 5.0.</p>','/images/products/msi/msi_geforce_rtx_5060_ti_ventus_2x_plus_8gb_032.jpg','/images/products/msi/msi_geforce_rtx_5060_ti_ventus_2x_plus_8gb_032.jpg','RTX 5060 TI','8GB','GDDR6','TORX FAN 5.0','1x 8-pin','650W','280x120x45mm',false,NOW()),
(2,1,'Card màn hình MSI GeForce RTX 5060 Ventus 2X OC 8GB','MSI-RTX5060-040',14000000,5,'<p>Card màn hình MSI GeForce RTX 5060 Ventus 2X OC 8GB.</p><p>GPU: <b>RTX 5060</b> | VRAM: <b>8GB GDDR6</b> | PSU: <b>550W</b> | Tản nhiệt: TORX FAN 5.0.</p>','/images/products/msi/msi_geforce_rtx_5060_ventus_2x_oc_8gb_009.jpg','/images/products/msi/msi_geforce_rtx_5060_ventus_2x_oc_8gb_009.jpg','RTX 5060','8GB','GDDR6','TORX FAN 5.0','1x 8-pin','550W','280x120x45mm',false,NOW()),
(2,1,'Card màn hình MSI GeForce RTX 5060 Ventus 2X OC White 8GB','MSI-RTX5060-041',14000000,6,'<p>Card màn hình MSI GeForce RTX 5060 Ventus 2X OC White 8GB.</p><p>GPU: <b>RTX 5060</b> | VRAM: <b>8GB GDDR6</b> | PSU: <b>550W</b> | Tản nhiệt: TORX FAN 5.0.</p>','/images/products/msi/msi_geforce_rtx_5060_ventus_2x_oc_white_8gb_004.jpg','/images/products/msi/msi_geforce_rtx_5060_ventus_2x_oc_white_8gb_004.jpg','RTX 5060','8GB','GDDR6','TORX FAN 5.0','1x 8-pin','550W','280x120x45mm',false,NOW()),
(2,1,'Card màn hình MSI GeForce RTX 5070 Ti 16G GAMING TRIO OC','MSI-RTX5070T-042',35000000,7,'<p>Card màn hình MSI GeForce RTX 5070 Ti 16G GAMING TRIO OC.</p><p>GPU: <b>RTX 5070 TI</b> | VRAM: <b>16GB GDDR6</b> | PSU: <b>750W</b> | Tản nhiệt: TORX FAN 5.0.</p>','/images/products/msi/msi_geforce_rtx_5070_ti_16g_gaming_trio_oc_049.jpg','/images/products/msi/msi_geforce_rtx_5070_ti_16g_gaming_trio_oc_049.jpg','RTX 5070 TI','16GB','GDDR6','TORX FAN 5.0','1x 8-pin','750W','280x120x45mm',false,NOW()),
(2,1,'Card màn hình MSI GeForce RTX 5090 32G VENTUS 3X OC','MSI-RTX5090-043',85000000,8,'<p>Card màn hình MSI GeForce RTX 5090 32G VENTUS 3X OC.</p><p>GPU: <b>RTX 5090</b> | VRAM: <b>32GB GDDR7</b> | PSU: <b>1000W</b> | Tản nhiệt: TORX FAN 5.0.</p>','/images/products/msi/msi_geforce_rtx_5090_32g_ventus_3x_oc_050.jpg','/images/products/msi/msi_geforce_rtx_5090_32g_ventus_3x_oc_050.jpg','RTX 5090','32GB','GDDR7','TORX FAN 5.0','1x 16-pin (12VHPWR)','1000W','280x120x45mm',false,NOW()),
(2,1,'msi gtx1650s','MSI-GTX1650-044',8000000,9,'<p>msi gtx1650s.</p><p>GPU: <b>GTX1650</b> | VRAM: <b>8GB GDDR6</b> | PSU: <b>450W</b> | Tản nhiệt: TORX FAN 5.0.</p>','/images/products/msi/msi_gtx1650s.png','/images/products/msi/msi_gtx1650s.png','GTX1650','8GB','GDDR6','TORX FAN 5.0','1x 8-pin','450W','280x120x45mm',false,NOW()),
(2,1,'msi rtx3050 ventus','MSI-RTX3050-045',8000000,10,'<p>msi rtx3050 ventus.</p><p>GPU: <b>RTX3050</b> | VRAM: <b>8GB GDDR6</b> | PSU: <b>450W</b> | Tản nhiệt: TORX FAN 5.0.</p>','/images/products/msi/msi_rtx3050_ventus.png','/images/products/msi/msi_rtx3050_ventus.png','RTX3050','8GB','GDDR6','TORX FAN 5.0','1x 8-pin','450W','280x120x45mm',false,NOW()),
(2,1,'msi rtx3050 xs','MSI-RTX3050-046',8000000,11,'<p>msi rtx3050 xs.</p><p>GPU: <b>RTX3050</b> | VRAM: <b>8GB GDDR6</b> | PSU: <b>450W</b> | Tản nhiệt: TORX FAN 5.0.</p>','/images/products/msi/msi_rtx3050_xs.png','/images/products/msi/msi_rtx3050_xs.png','RTX3050','8GB','GDDR6','TORX FAN 5.0','1x 8-pin','450W','280x120x45mm',false,NOW()),
(2,1,'msi rtx3060 ventus','MSI-RTX3060-047',8000000,12,'<p>msi rtx3060 ventus.</p><p>GPU: <b>RTX3060</b> | VRAM: <b>8GB GDDR6</b> | PSU: <b>550W</b> | Tản nhiệt: TORX FAN 5.0.</p>','/images/products/msi/msi_rtx3060_ventus.png','/images/products/msi/msi_rtx3060_ventus.png','RTX3060','8GB','GDDR6','TORX FAN 5.0','1x 8-pin','550W','280x120x45mm',false,NOW()),
(2,2,'Card màn hình MSI Radeon RX 7600 GAMING X 8G','MSI-RX7600-048',7500000,13,'<p>Card màn hình MSI Radeon RX 7600 GAMING X 8G.</p><p>GPU: <b>RX 7600</b> | VRAM: <b>8GB GDDR6</b> | PSU: <b>550W</b> | Tản nhiệt: TORX FAN 5.0.</p>','/images/products/msi/msi_rtx5050_gaming.png','/images/products/msi/msi_rtx5050_gaming.png','RX 7600','8GB','GDDR6','TORX FAN 5.0','1x 8-pin','550W','280x120x45mm',false,NOW()),
(2,1,'msi rtx5060ti ventus','MSI-RTX5060T-049',14000000,14,'<p>msi rtx5060ti ventus.</p><p>GPU: <b>RTX5060TI</b> | VRAM: <b>8GB GDDR6</b> | PSU: <b>650W</b> | Tản nhiệt: TORX FAN 5.0.</p>','/images/products/msi/msi_rtx5060ti_ventus.jpeg','/images/products/msi/msi_rtx5060ti_ventus.jpeg','RTX5060TI','8GB','GDDR6','TORX FAN 5.0','1x 8-pin','650W','280x120x45mm',false,NOW()),
(2,1,'Card màn hình MSI GeForce RTX 4060 Ti GAMING X TRIO 8G','MSI-RTX4060T-050',11000000,15,'<p>Card màn hình MSI GeForce RTX 4060 Ti GAMING X TRIO 8G.</p><p>GPU: <b>RTX 4060 TI</b> | VRAM: <b>8GB GDDR6</b> | PSU: <b>650W</b> | Tản nhiệt: TORX FAN 5.0.</p>','/images/products/msi/msi_rtx5060_gaming_trio.png','/images/products/msi/msi_rtx5060_gaming_trio.png','RTX 4060 TI','8GB','GDDR6','TORX FAN 5.0','1x 8-pin','650W','280x120x45mm',false,NOW()),
(2,1,'msi rtx5060 shadow','MSI-RTX5060-051',14000000,16,'<p>msi rtx5060 shadow.</p><p>GPU: <b>RTX5060</b> | VRAM: <b>8GB GDDR6</b> | PSU: <b>550W</b> | Tản nhiệt: TORX FAN 5.0.</p>','/images/products/msi/msi_rtx5060_shadow.png','/images/products/msi/msi_rtx5060_shadow.png','RTX5060','8GB','GDDR6','TORX FAN 5.0','1x 8-pin','550W','280x120x45mm',false,NOW()),
(2,1,'msi rtx5060 ventus','MSI-RTX5060-052',14000000,17,'<p>msi rtx5060 ventus.</p><p>GPU: <b>RTX5060</b> | VRAM: <b>8GB GDDR6</b> | PSU: <b>550W</b> | Tản nhiệt: TORX FAN 5.0.</p>','/images/products/msi/msi_rtx5060_ventus.png','/images/products/msi/msi_rtx5060_ventus.png','RTX5060','8GB','GDDR6','TORX FAN 5.0','1x 8-pin','550W','280x120x45mm',false,NOW()),
(3,1,'Card màn hình GIGABYTE AORUS GeForce RTX 4080 SUPER XTREME ICE 16G','GIG-RTX4080S-053',31000000,18,'<p>Card màn hình GIGABYTE AORUS GeForce RTX 4080 SUPER XTREME ICE 16G.</p><p>GPU: <b>RTX 4080 SUPER</b> | VRAM: <b>16GB GDDR6</b> | PSU: <b>850W</b> | Tản nhiệt: WINDFORCE.</p>','/images/products/gigabyte/gigabyte_aorus_geforce_rtx_4080_super_xtreme_ice_16g_018.jpg','/images/products/gigabyte/gigabyte_aorus_geforce_rtx_4080_super_xtreme_ice_16g_018.jpg','RTX 4080 SUPER','16GB','GDDR6','WINDFORCE','2x 8-pin','850W','280x120x45mm',false,NOW()),
(3,1,'Card màn hình GIGABYTE GeForce RTX 3050 WINDFORCE OC V2 8G','GIG-RTX3050-054',5500000,19,'<p>Card màn hình GIGABYTE GeForce RTX 3050 WINDFORCE OC V2 8G.</p><p>GPU: <b>RTX 3050</b> | VRAM: <b>8GB GDDR6</b> | PSU: <b>450W</b> | Tản nhiệt: WINDFORCE.</p>','/images/products/gigabyte/gigabyte_geforce_rtx_3050_windforce_oc_6g_019.jpg','/images/products/gigabyte/gigabyte_geforce_rtx_3050_windforce_oc_6g_019.jpg','RTX 3050','8GB','GDDR6','WINDFORCE','1x 8-pin','450W','280x120x45mm',false,NOW()),
(3,1,'Card màn hình GIGABYTE GeForce RTX 3060 WINDFORCE OC 12G V2','GIG-RTX3060-055',7500000,2,'<p>Card màn hình GIGABYTE GeForce RTX 3060 WINDFORCE OC 12G V2.</p><p>GPU: <b>RTX 3060</b> | VRAM: <b>12GB GDDR6</b> | PSU: <b>550W</b> | Tản nhiệt: WINDFORCE.</p>','/images/products/gigabyte/gigabyte_geforce_rtx_3060_windforce_oc_12g_v2_014.jpg','/images/products/gigabyte/gigabyte_geforce_rtx_3060_windforce_oc_12g_v2_014.jpg','RTX 3060','12GB','GDDR6','WINDFORCE','1x 8-pin','550W','280x120x45mm',false,NOW()),
(3,1,'Card màn hình GIGABYTE GeForce RTX 4070 SUPER WINDFORCE OC 12G','GIG-RTX4070S-056',19000000,3,'<p>Card màn hình GIGABYTE GeForce RTX 4070 SUPER WINDFORCE OC 12G.</p><p>GPU: <b>RTX 4070 SUPER</b> | VRAM: <b>12GB GDDR6</b> | PSU: <b>750W</b> | Tản nhiệt: WINDFORCE.</p>','/images/products/gigabyte/gigabyte_geforce_rtx_4070_super_windforce_oc_12g_013.jpg','/images/products/gigabyte/gigabyte_geforce_rtx_4070_super_windforce_oc_12g_013.jpg','RTX 4070 SUPER','12GB','GDDR6','WINDFORCE','1x 8-pin','750W','280x120x45mm',false,NOW()),
(3,1,'Card màn hình Gigabyte GeForce RTX 5050 Gaming OC 8GB','GIG-RTX5050-057',10500000,4,'<p>Card màn hình Gigabyte GeForce RTX 5050 Gaming OC 8GB.</p><p>GPU: <b>RTX 5050</b> | VRAM: <b>8GB GDDR6</b> | PSU: <b>450W</b> | Tản nhiệt: WINDFORCE.</p>','/images/products/gigabyte/gigabyte_geforce_rtx_5050_gaming_oc_8gb_047.jpg','/images/products/gigabyte/gigabyte_geforce_rtx_5050_gaming_oc_8gb_047.jpg','RTX 5050','8GB','GDDR6','WINDFORCE','1x 8-pin','450W','280x120x45mm',false,NOW()),
(3,1,'Card màn hình Gigabyte GeForce RTX 5050 Windforce OC 8GB','GIG-RTX5050-058',10500000,5,'<p>Card màn hình Gigabyte GeForce RTX 5050 Windforce OC 8GB.</p><p>GPU: <b>RTX 5050</b> | VRAM: <b>8GB GDDR6</b> | PSU: <b>450W</b> | Tản nhiệt: WINDFORCE.</p>','/images/products/gigabyte/gigabyte_geforce_rtx_5050_windforce_oc_8gb_048.jpg','/images/products/gigabyte/gigabyte_geforce_rtx_5050_windforce_oc_8gb_048.jpg','RTX 5050','8GB','GDDR6','WINDFORCE','1x 8-pin','450W','280x120x45mm',false,NOW()),
(3,1,'Card màn hình Gigabyte GeForce RTX 5060 Eagle Ice OC 8GB','GIG-RTX5060-059',14000000,6,'<p>Card màn hình Gigabyte GeForce RTX 5060 Eagle Ice OC 8GB.</p><p>GPU: <b>RTX 5060</b> | VRAM: <b>8GB GDDR6</b> | PSU: <b>550W</b> | Tản nhiệt: WINDFORCE.</p>','/images/products/gigabyte/gigabyte_geforce_rtx_5060_eagle_ice_oc_8gb_012.jpg','/images/products/gigabyte/gigabyte_geforce_rtx_5060_eagle_ice_oc_8gb_012.jpg','RTX 5060','8GB','GDDR6','WINDFORCE','1x 8-pin','550W','280x120x45mm',false,NOW()),
(3,1,'Card màn hình Gigabyte GeForce RTX 5060 Eagle OC 8GB','GIG-RTX5060-060',14000000,7,'<p>Card màn hình Gigabyte GeForce RTX 5060 Eagle OC 8GB.</p><p>GPU: <b>RTX 5060</b> | VRAM: <b>8GB GDDR6</b> | PSU: <b>550W</b> | Tản nhiệt: WINDFORCE.</p>','/images/products/gigabyte/gigabyte_geforce_rtx_5060_eagle_oc_8gb_031.jpg','/images/products/gigabyte/gigabyte_geforce_rtx_5060_eagle_oc_8gb_031.jpg','RTX 5060','8GB','GDDR6','WINDFORCE','1x 8-pin','550W','280x120x45mm',false,NOW()),
(3,1,'Card màn hình Gigabyte GeForce RTX 5060 Windforce Max OC 8GB','GIG-RTX5060-061',14000000,8,'<p>Card màn hình Gigabyte GeForce RTX 5060 Windforce Max OC 8GB.</p><p>GPU: <b>RTX 5060</b> | VRAM: <b>8GB GDDR6</b> | PSU: <b>550W</b> | Tản nhiệt: WINDFORCE.</p>','/images/products/gigabyte/gigabyte_geforce_rtx_5060_windforce_max_oc_8gb_006.jpg','/images/products/gigabyte/gigabyte_geforce_rtx_5060_windforce_max_oc_8gb_006.jpg','RTX 5060','8GB','GDDR6','WINDFORCE','1x 8-pin','550W','280x120x45mm',false,NOW()),
(3,2,'Card màn hình GIGABYTE Radeon RX 6600 EAGLE 8G','GIG-RX6600-062',5500000,9,'<p>Card màn hình GIGABYTE Radeon RX 6600 EAGLE 8G.</p><p>GPU: <b>RX 6600</b> | VRAM: <b>8GB GDDR6</b> | PSU: <b>550W</b> | Tản nhiệt: WINDFORCE.</p>','/images/products/gigabyte/gigabyte_radeon_rx_6600_eagle_8g_055.jpg','/images/products/gigabyte/gigabyte_radeon_rx_6600_eagle_8g_055.jpg','RX 6600','8GB','GDDR6','WINDFORCE','1x 8-pin','550W','280x120x45mm',false,NOW()),
(3,1,'gigabyte rtx3050 6g','GIG-RTX3050-063',8000000,10,'<p>gigabyte rtx3050 6g.</p><p>GPU: <b>RTX3050</b> | VRAM: <b>6GB GDDR6</b> | PSU: <b>450W</b> | Tản nhiệt: WINDFORCE.</p>','/images/products/gigabyte/gigabyte_rtx3050_6g.png','/images/products/gigabyte/gigabyte_rtx3050_6g.png','RTX3050','6GB','GDDR6','WINDFORCE','1x 8-pin','450W','280x120x45mm',false,NOW()),
(3,2,'Card màn hình GIGABYTE Radeon RX 7600 WINDFORCE OC 8G','GIG-RX7600-064',7500000,11,'<p>Card màn hình GIGABYTE Radeon RX 7600 WINDFORCE OC 8G.</p><p>GPU: <b>RX 7600</b> | VRAM: <b>8GB GDDR6</b> | PSU: <b>550W</b> | Tản nhiệt: WINDFORCE.</p>','/images/products/gigabyte/gigabyte_rtx3050_windforce.png','/images/products/gigabyte/gigabyte_rtx3050_windforce.png','RX 7600','8GB','GDDR6','WINDFORCE','1x 8-pin','550W','280x120x45mm',false,NOW()),
(3,1,'gigabyte rtx4080s aorus','GIG-RTX4080-065',28000000,12,'<p>gigabyte rtx4080s aorus.</p><p>GPU: <b>RTX4080</b> | VRAM: <b>8GB GDDR6</b> | PSU: <b>850W</b> | Tản nhiệt: WINDFORCE.</p>','/images/products/gigabyte/gigabyte_rtx4080s_aorus.png','/images/products/gigabyte/gigabyte_rtx4080s_aorus.png','RTX4080','8GB','GDDR6','WINDFORCE','2x 8-pin','850W','280x120x45mm',false,NOW()),
(4,1,'Card màn hình ZOTAC GAMING GeForce RTX 5070 AMP White Edition','ZOT-RTX5070-066',28000000,13,'<p>Card màn hình ZOTAC GAMING GeForce RTX 5070 AMP White Edition.</p><p>GPU: <b>RTX 5070</b> | VRAM: <b>8GB GDDR6</b> | PSU: <b>750W</b> | Tản nhiệt: Twin Edge Fan.</p>','/images/products/zotac/zotac_gaming_geforce_rtx_5070_amp_white_edition_030.jpg','/images/products/zotac/zotac_gaming_geforce_rtx_5070_amp_white_edition_030.jpg','RTX 5070','8GB','GDDR6','Twin Edge Fan','1x 8-pin','750W','280x120x45mm',false,NOW()),
(4,1,'Card màn hình Zotac GEFORCE RTX 3050 TWIN EDGE OC 6GB GDDR6','ZOT-RTX3050-067',5500000,14,'<p>Card màn hình Zotac GEFORCE RTX 3050 TWIN EDGE OC 6GB GDDR6.</p><p>GPU: <b>RTX 3050</b> | VRAM: <b>6GB GDDR6</b> | PSU: <b>450W</b> | Tản nhiệt: Twin Edge Fan.</p>','/images/products/zotac/zotac_geforce_rtx_3050_twin_edge_oc_6gb_gddr6_008.jpg','/images/products/zotac/zotac_geforce_rtx_3050_twin_edge_oc_6gb_gddr6_008.jpg','RTX 3050','6GB','GDDR6','Twin Edge Fan','1x 8-pin','450W','280x120x45mm',false,NOW()),
(4,1,'Card màn hình Zotac GEFORCE RTX 5050 TWIN EDGE OC 8GB GDDR6','ZOT-RTX5050-068',10500000,15,'<p>Card màn hình Zotac GEFORCE RTX 5050 TWIN EDGE OC 8GB GDDR6.</p><p>GPU: <b>RTX 5050</b> | VRAM: <b>8GB GDDR6</b> | PSU: <b>450W</b> | Tản nhiệt: Twin Edge Fan.</p>','/images/products/zotac/zotac_geforce_rtx_5050_twin_edge_oc_8gb_gddr6_007.jpg','/images/products/zotac/zotac_geforce_rtx_5050_twin_edge_oc_8gb_gddr6_007.jpg','RTX 5050','8GB','GDDR6','Twin Edge Fan','1x 8-pin','450W','280x120x45mm',false,NOW()),
(4,1,'Card màn hình Zotac GeForce RTX 5060 Ti 16GB Twin Edge OC','ZOT-RTX5060T-069',19000000,16,'<p>Card màn hình Zotac GeForce RTX 5060 Ti 16GB Twin Edge OC.</p><p>GPU: <b>RTX 5060 TI</b> | VRAM: <b>16GB GDDR6</b> | PSU: <b>650W</b> | Tản nhiệt: Twin Edge Fan.</p>','/images/products/zotac/zotac_geforce_rtx_5060_ti_16gb_twin_edge_029.jpg','/images/products/zotac/zotac_geforce_rtx_5060_ti_16gb_twin_edge_029.jpg','RTX 5060 TI','16GB','GDDR6','Twin Edge Fan','1x 8-pin','650W','280x120x45mm',false,NOW()),
(4,1,'Card màn hình Zotac GEFORCE RTX 5060 Ti 8GB TWIN EDGE GDDR7','ZOT-RTX5060T-070',19000000,17,'<p>Card màn hình Zotac GEFORCE RTX 5060 Ti 8GB TWIN EDGE GDDR7.</p><p>GPU: <b>RTX 5060 TI</b> | VRAM: <b>8GB GDDR7</b> | PSU: <b>650W</b> | Tản nhiệt: Twin Edge Fan.</p>','/images/products/zotac/zotac_geforce_rtx_5060_ti_8gb_twin_edge_gddr7_000.jpg','/images/products/zotac/zotac_geforce_rtx_5060_ti_8gb_twin_edge_gddr7_000.jpg','RTX 5060 TI','8GB','GDDR7','Twin Edge Fan','1x 8-pin','650W','280x120x45mm',false,NOW()),
(4,1,'Card màn hình Zotac GeForce RTX 5060 Twin Edge OC 8GB','ZOT-RTX5060-071',14000000,18,'<p>Card màn hình Zotac GeForce RTX 5060 Twin Edge OC 8GB.</p><p>GPU: <b>RTX 5060</b> | VRAM: <b>8GB GDDR6</b> | PSU: <b>550W</b> | Tản nhiệt: Twin Edge Fan.</p>','/images/products/zotac/zotac_geforce_rtx_5060_twin_edge_oc_8gb_037.jpg','/images/products/zotac/zotac_geforce_rtx_5060_twin_edge_oc_8gb_037.jpg','RTX 5060','8GB','GDDR6','Twin Edge Fan','1x 8-pin','550W','280x120x45mm',false,NOW()),
(4,1,'zotac rtx3050 6g','ZOT-RTX3050-072',8000000,19,'<p>zotac rtx3050 6g.</p><p>GPU: <b>RTX3050</b> | VRAM: <b>6GB GDDR6</b> | PSU: <b>450W</b> | Tản nhiệt: Twin Edge Fan.</p>','/images/products/zotac/zotac_rtx3050_6g.png','/images/products/zotac/zotac_rtx3050_6g.png','RTX3050','6GB','GDDR6','Twin Edge Fan','1x 8-pin','450W','280x120x45mm',false,NOW()),
(4,1,'zotac rtx5050','ZOT-RTX5050-073',10500000,2,'<p>zotac rtx5050.</p><p>GPU: <b>RTX5050</b> | VRAM: <b>8GB GDDR6</b> | PSU: <b>450W</b> | Tản nhiệt: Twin Edge Fan.</p>','/images/products/zotac/zotac_rtx5050.png','/images/products/zotac/zotac_rtx5050.png','RTX5050','8GB','GDDR6','Twin Edge Fan','1x 8-pin','450W','280x120x45mm',false,NOW()),
(4,1,'zotac rtx5060ti 16g','ZOT-RTX5060T-074',14000000,3,'<p>zotac rtx5060ti 16g.</p><p>GPU: <b>RTX5060TI</b> | VRAM: <b>16GB GDDR6</b> | PSU: <b>650W</b> | Tản nhiệt: Twin Edge Fan.</p>','/images/products/zotac/zotac_rtx5060ti_16g.png','/images/products/zotac/zotac_rtx5060ti_16g.png','RTX5060TI','16GB','GDDR6','Twin Edge Fan','1x 8-pin','650W','280x120x45mm',false,NOW()),
(4,1,'zotac rtx5060ti 16g oc','ZOT-RTX5060T-075',14000000,4,'<p>zotac rtx5060ti 16g oc.</p><p>GPU: <b>RTX5060TI</b> | VRAM: <b>16GB GDDR6</b> | PSU: <b>650W</b> | Tản nhiệt: Twin Edge Fan.</p>','/images/products/zotac/zotac_rtx5060ti_16g_oc.jpg','/images/products/zotac/zotac_rtx5060ti_16g_oc.jpg','RTX5060TI','16GB','GDDR6','Twin Edge Fan','1x 8-pin','650W','280x120x45mm',false,NOW()),
(4,1,'zotac rtx5060ti 8g','ZOT-RTX5060T-076',14000000,5,'<p>zotac rtx5060ti 8g.</p><p>GPU: <b>RTX5060TI</b> | VRAM: <b>8GB GDDR6</b> | PSU: <b>650W</b> | Tản nhiệt: Twin Edge Fan.</p>','/images/products/zotac/zotac_rtx5060ti_8g.png','/images/products/zotac/zotac_rtx5060ti_8g.png','RTX5060TI','8GB','GDDR6','Twin Edge Fan','1x 8-pin','650W','280x120x45mm',false,NOW()),
(4,1,'zotac rtx5070 amp white','ZOT-RTX5070-077',28000000,6,'<p>zotac rtx5070 amp white.</p><p>GPU: <b>RTX5070</b> | VRAM: <b>8GB GDDR6</b> | PSU: <b>750W</b> | Tản nhiệt: Twin Edge Fan.</p>','/images/products/zotac/zotac_rtx5070_amp_white.png','/images/products/zotac/zotac_rtx5070_amp_white.png','RTX5070','8GB','GDDR6','Twin Edge Fan','1x 8-pin','750W','280x120x45mm',false,NOW()),
(5,3,'Card màn hình SPARKLE Intel Arc B580 TITAN Nox OC 12GB GDDR6','SPA-ARCB580-078',9800000,7,'<p>Card màn hình SPARKLE Intel Arc B580 TITAN Nox OC 12GB GDDR6.</p><p>GPU: <b>ARC B580</b> | VRAM: <b>12GB GDDR6</b> | PSU: <b>550W</b> | Tản nhiệt: Titan Fan.</p>','/images/products/sparkle/sparkle_arc_b580_nox.png','/images/products/sparkle/sparkle_arc_b580_nox.png','ARC B580','12GB','GDDR6','Titan Fan','1x 8-pin','550W','280x120x45mm',false,NOW()),
(5,3,'Card màn hình SPARKLE Intel Arc B580 TITAN OC 12GB GDDR6','SPA-ARCB580-079',9800000,8,'<p>Card màn hình SPARKLE Intel Arc B580 TITAN OC 12GB GDDR6.</p><p>GPU: <b>ARC B580</b> | VRAM: <b>12GB GDDR6</b> | PSU: <b>550W</b> | Tản nhiệt: Titan Fan.</p>','/images/products/sparkle/sparkle_arc_b580_titan.png','/images/products/sparkle/sparkle_arc_b580_titan.png','ARC B580','12GB','GDDR6','Titan Fan','1x 8-pin','550W','280x120x45mm',false,NOW());

SELECT setval('products_id_seq',(SELECT MAX(id) FROM products));
SELECT setval('brands_id_seq',(SELECT MAX(id) FROM brands));
SELECT setval('categories_id_seq',3);
